{"step": 0, "train/loss": 4.246359825134277, "val/loss": 4.243485450744629, "lr": 0.0, "_timestamp": 1703618342.032198, "_runtime": 5.109740972518921, "_step": 0, "_wandb": {"runtime": 4}}