{"step": 0, "train/loss": 200634496.0, "eval/loss": 195769936.0, "lr": 0.0, "_timestamp": 1703023832.350891, "_runtime": 6.917208194732666, "_step": 0, "_wandb": {"runtime": 6}}