{"step": 2000, "train/loss": 198392672.0, "eval/loss": 194337008.0, "lr": 6.000000212225132e-05, "_timestamp": 1703025776.35083, "_runtime": 546.5790300369263, "_step": 4, "_wandb": {"runtime": 547}}