{"step": 0, "train/loss": 4.246359825134277, "eval/loss": 4.243485450744629, "lr": 0.0, "_timestamp": 1703617969.563054, "_runtime": 4.49307107925415, "_step": 0, "_wandb": {"runtime": 13}}