{"step": 0, "train/loss": 4.55637264251709, "eval/loss": 4.551570415496826, "lr": 0.0, "_timestamp": 1703618028.4198568, "_runtime": 8.634784698486328, "_step": 0, "_wandb": {"runtime": 19}}