{"step": 2000, "train/loss": 2.0473201274871826, "eval/loss": 2.105581045150757, "lr": 6.000000212225132e-05, "_timestamp": 1703617950.0583649, "_runtime": 126.92667198181152, "_step": 4, "_wandb": {"runtime": 126}}