{"step": 0, "train/loss": 200634496.0, "eval/loss": 195769936.0, "lr": 0.0, "_timestamp": 1703024607.982333, "_runtime": 7.015800952911377, "_step": 0, "_wandb": {"runtime": 7}}