{"step": 0, "train/loss": 200634496.0, "eval/loss": 195769936.0, "lr": 0.0, "_timestamp": 1703025110.657823, "_runtime": 8.029736995697021, "_step": 0, "_wandb": {"runtime": 26}}