{"step": 0, "train/loss": 200634496.0, "eval/loss": 195769936.0, "lr": 0.0, "_timestamp": 1703023901.1249652, "_runtime": 6.8784801959991455, "_step": 0, "_wandb": {"runtime": 6}}