{"step": 0, "train/loss": null, "eval/loss": null, "lr": 0.0, "_timestamp": 1703185708.887537, "_runtime": 4.4157679080963135, "_step": 0, "_wandb": {"runtime": 24}}