{"step": 100, "train/loss": 200593952.0, "eval/loss": 195428048.0, "lr": 6.000000212225132e-05, "_timestamp": 1703025212.054792, "_runtime": 46.096298933029175, "_step": 2, "_wandb": {"runtime": 46}}