{"step": 0, "train/loss": null, "eval/loss": null, "lr": 0.0, "_timestamp": 1703185639.764044, "_runtime": 4.902436017990112, "_step": 0, "_wandb": {"runtime": 33}}