{"step": 2000, "train/loss": 100618.7109375, "eval/loss": 98560.84375, "lr": 6.000000212225132e-05, "_timestamp": 1703027795.3414989, "_runtime": 118.29334473609924, "_step": 4, "_wandb": {"runtime": 117}}