{"step": 0, "train/loss": 200634496.0, "eval/loss": 195769936.0, "lr": 0.0, "_timestamp": 1703024505.4435682, "_runtime": 6.914961338043213, "_step": 0, "_wandb": {"runtime": 6}}