{"step": 0, "train/loss": 200634496.0, "eval/loss": 195769936.0, "lr": 0.0, "_timestamp": 1703024689.083961, "_runtime": 6.775059938430786, "_step": 0, "_wandb": {"runtime": 7}}