{"step": 3500, "train/loss": 1.7998660802841187, "eval/loss": 1.916146993637085, "lr": 6.000000212225132e-05, "_timestamp": 1703618273.7886999, "_runtime": 216.59787392616272, "_step": 7, "_wandb": {"runtime": 215}}