{"step": 0, "train/loss": 200634496.0, "eval/loss": 195769936.0, "lr": 0.0, "_timestamp": 1703023355.883018, "_runtime": 7.73146390914917, "_step": 0, "_wandb": {"runtime": 7}}