{"step": 0, "train/loss": 200634496.0, "eval/loss": 195769936.0, "lr": 0.0, "_timestamp": 1703024237.4292321, "_runtime": 7.012155055999756, "_step": 0, "_wandb": {"runtime": 7}}