{"step": 3500, "train/loss": 1.7998660802841187, "val/loss": 1.916146993637085, "lr": 6.000000212225132e-05, "_timestamp": 1703618579.695877, "_runtime": 204.44915413856506, "_step": 7, "_wandb": {"runtime": 204}}