{"step": 0, "train/loss": 200634496.0, "eval/loss": 195769936.0, "lr": 0.0, "_timestamp": 1703023646.8046982, "_runtime": 7.052043199539185, "_step": 0, "_wandb": {"runtime": 6}}