{"step": 0, "train/loss": null, "eval/loss": null, "lr": 0.0, "_timestamp": 1703178084.891862, "_runtime": 4.809078931808472, "_step": 0, "_wandb": {"runtime": 10}}