{"step": 0, "train/loss": 200634496.0, "eval/loss": 195769936.0, "lr": 0.0, "_timestamp": 1703023683.344339, "_runtime": 6.77982497215271, "_step": 0, "_wandb": {"runtime": 6}}