{"step": 50, "train/loss": 201377952.0, "eval/loss": 198878144.0, "lr": 0.00037688500015065074, "_timestamp": 1703024845.37185, "_runtime": 28.382172107696533, "_step": 1, "_wandb": {"runtime": 47}}