{"step": 0, "train/loss": 200634496.0, "eval/loss": 195769936.0, "lr": 0.0, "_timestamp": 1703023093.489805, "_runtime": 41.92600607872009, "_step": 0, "_wandb": {"runtime": 7}}