{"step": 0, "train/loss": 200634496.0, "eval/loss": 195769936.0, "lr": 0.0, "_timestamp": 1703024651.948171, "_runtime": 6.770303964614868, "_step": 0, "_wandb": {"runtime": 7}}